train,test,n
0.6067481093659104,0.6147135795289328,1.0
0.6518324607329843,0.5804012794416982,2.0
0.7618770603063797,0.5731317243384705,3.0
0.8822959084739189,0.5693515556847921,4.0
0.9487104905953073,0.5847630125036348,5.0
0.9708163661043242,0.5774934574004071,6.0
0.9811906146984681,0.5795289328293108,7.0
0.9860383944153578,0.5888339633614422,8.0
0.9891409734341672,0.5562663564989823,9.0
0.9918557300756253,0.6062808956091887,10.0
0.9930191972076788,0.5949403896481535,11.0
0.993891797556719,0.5838906658912475,12.0
0.9946674423114213,0.6004652515266066,13.0
0.995346131471786,0.5981389938935737,14.0
0.9957339538491371,0.6036638557720267,15.0
0.9958309094434749,0.5862169235242803,16.0
0.9958309094434749,0.5658621692352428,17.0
0.9960248206321505,0.577202675196278,18.0
0.9962187318208261,0.571968595521954,19.0
0.9964126430095016,0.5777842396045362,20.0
0.9966065541981772,0.601628380343123,21.0
0.9969943765755284,0.6030822913637686,22.0
0.9972852433585417,0.5923233498109916,23.0
0.9974791545472174,0.5542308810700786,24.0
0.9977700213302307,0.5492875835998837,25.0
0.9978669769245685,0.5725501599302123,26.0
0.9978669769245685,0.5952311718522827,27.0
0.9978669769245685,0.6048269845885432,28.0
0.9980608881132441,0.523117185228264,29.0
0.9980608881132441,0.6158767083454493,30.0
0.9980608881132441,0.6161674905495783,31.0
0.998157843707582,0.6237278278569351,32.0
0.9984487104905954,0.6080255888339634,33.0
0.9984487104905954,0.6056993312009306,34.0
0.9984487104905954,0.6222739168362896,35.0
0.9984487104905954,0.5844722302995057,36.0
0.9985456660849331,0.6155859261413201,37.0
0.9986426216792709,0.6071532422215761,38.0
0.9986426216792709,0.6054085489968014,39.0
0.9986426216792709,0.6126781041000291,40.0
0.9987395772736087,0.5606280895609189,41.0
0.9987395772736087,0.6074440244257051,42.0
0.9987395772736087,0.5725501599302123,43.0
0.9989334884622842,0.5789473684210527,44.0
0.9989334884622842,0.5620820005815644,45.0
0.9989334884622842,0.5876708345449259,46.0
0.9990304440566221,0.5417272462925269,47.0
0.9990304440566221,0.6158767083454493,48.0
0.9991273996509599,0.6211107880197732,49.0
0.9991273996509599,0.6167490549578366,50.0
0.9991273996509599,0.6147135795289328,51.0
0.9991273996509599,0.6086071532422216,52.0
0.9991273996509599,0.6202384414073858,53.0
0.9992243552452976,0.6126781041000291,54.0
0.9992243552452976,0.5865077057284094,55.0
0.9992243552452976,0.6199476592032568,56.0
0.9992243552452976,0.6091887176504798,57.0
0.9992243552452976,0.5966850828729282,58.0
0.9992243552452976,0.5998836871183484,59.0
0.9993213108396355,0.6068624600174469,60.0
0.9993213108396355,0.5943588252398954,61.0
0.9993213108396355,0.6222739168362896,62.0
0.9993213108396355,0.6054085489968014,63.0
0.9993213108396355,0.588252398953184,64.0
0.9993213108396355,0.5873800523407967,65.0
0.9993213108396355,0.6065716778133178,66.0
0.9993213108396355,0.5966850828729282,67.0
0.9993213108396355,0.6045362023844141,68.0
0.9993213108396355,0.6001744693224774,69.0
0.9993213108396355,0.5987205583018319,70.0
0.9993213108396355,0.6065716778133178,71.0
0.9993213108396355,0.6208200058156441,72.0
0.9993213108396355,0.6161674905495783,73.0
0.9993213108396355,0.5940680430357662,74.0
0.9993213108396355,0.6170398371619656,75.0
0.9993213108396355,0.6025007269555103,76.0
0.9993213108396355,0.6022099447513812,77.0
0.9993213108396355,0.6033730735678976,78.0
0.9993213108396355,0.6007560337307357,79.0
0.9993213108396355,0.6161674905495783,80.0
0.9994182664339732,0.6132596685082873,81.0
0.9994182664339732,0.6138412329165455,82.0
0.9994182664339732,0.6025007269555103,83.0
0.9994182664339732,0.6036638557720267,84.0
0.9994182664339732,0.6027915091596394,85.0
0.9994182664339732,0.6155859261413201,86.0
0.9994182664339732,0.6051177667926723,87.0
0.9994182664339732,0.5955219540564117,88.0
0.9994182664339732,0.6051177667926723,89.0
0.999515222028311,0.599011340505961,90.0
0.999515222028311,0.5955219540564117,91.0
0.999515222028311,0.5446350683338179,92.0
0.999515222028311,0.5847630125036348,93.0
0.999515222028311,0.5870892701366677,94.0
0.999515222028311,0.6010468159348648,95.0
0.999515222028311,0.5705146845013085,96.0
0.999515222028311,0.5702239022971795,97.0
0.999515222028311,0.5911602209944752,98.0
0.999515222028311,0.5870892701366677,99.0
0.999515222028311,0.5780750218086653,100.0
0.999515222028311,0.5411456818842687,101.0
0.999515222028311,0.5373655132305903,102.0
0.999515222028311,0.5396917708636232,103.0
0.999515222028311,0.5713870311136958,104.0
0.999515222028311,0.5708054667054376,105.0
0.999515222028311,0.5891247455655714,106.0
0.999515222028311,0.5873800523407967,107.0
0.999515222028311,0.5946496074440244,108.0
0.999515222028311,0.6007560337307357,109.0
0.999515222028311,0.5998836871183484,110.0
0.999515222028311,0.6138412329165455,111.0
0.999515222028311,0.5818551904623437,112.0
0.999515222028311,0.6240186100610643,113.0
0.999515222028311,0.6138412329165455,114.0
0.999515222028311,0.6059901134050596,115.0
0.999515222028311,0.6129688863041581,116.0
0.999515222028311,0.5786565862169235,117.0
0.999515222028311,0.5841814480953765,118.0
0.999515222028311,0.5780750218086653,119.0
0.999515222028311,0.5478336725792381,120.0
0.999515222028311,0.6068624600174469,121.0
0.999515222028311,0.5926141320151207,122.0
0.999515222028311,0.6152951439371911,123.0
0.999515222028311,0.6007560337307357,124.0
0.999515222028311,0.5850537947077639,125.0
0.999515222028311,0.6022099447513812,126.0
0.999515222028311,0.5835998836871183,127.0
0.999515222028311,0.6051177667926723,128.0
0.999515222028311,0.5969758650770572,129.0
0.999515222028311,0.569060773480663,130.0
0.999515222028311,0.5693515556847921,131.0
0.999515222028311,0.5687699912765338,132.0
0.999515222028311,0.5833091014829892,133.0
0.999515222028311,0.5737132887467287,134.0
0.999515222028311,0.5931956964233789,135.0
0.999515222028311,0.6042454201802849,136.0
0.999515222028311,0.5902878743820879,137.0
0.999515222028311,0.6077348066298343,138.0
0.999515222028311,0.5963943006687991,139.0
0.999515222028311,0.6071532422215761,140.0
0.999515222028311,0.5940680430357662,141.0
0.999515222028311,0.6033730735678976,142.0
0.999515222028311,0.6100610642628671,143.0
0.999515222028311,0.6123873218959,144.0
0.999515222028311,0.6048269845885432,145.0
0.9996121776226489,0.6161674905495783,146.0
0.9996121776226489,0.6022099447513812,147.0
0.9996121776226489,0.6167490549578366,148.0
0.9996121776226489,0.5914510031986042,149.0
0.9996121776226489,0.6054085489968014,150.0
0.9996121776226489,0.6129688863041581,151.0
0.9996121776226489,0.6007560337307357,152.0
0.9996121776226489,0.6045362023844141,153.0
0.9997091332169866,0.6062808956091887,154.0
0.9997091332169866,0.6109334108752544,155.0
0.9997091332169866,0.6088979354463507,156.0
0.9997091332169866,0.6132596685082873,157.0
0.9997091332169866,0.617912183774353,158.0
0.9997091332169866,0.6150043617330619,159.0
0.9997091332169866,0.6094794998546089,160.0
0.9997091332169866,0.6048269845885432,161.0
0.9997091332169866,0.5760395463797615,162.0
0.9997091332169866,0.5437627217214307,163.0
0.9997091332169866,0.5751671997673742,164.0
0.9997091332169866,0.585635359116022,165.0
0.9997091332169866,0.5760395463797615,166.0
0.9997091332169866,0.582727537074731,167.0
0.9997091332169866,0.5972666472811864,168.0
0.9997091332169866,0.6138412329165455,169.0
0.9997091332169866,0.6123873218959,170.0
0.9997091332169866,0.6036638557720267,171.0
0.9997091332169866,0.6039546379761559,172.0
0.9997091332169866,0.585635359116022,173.0
0.9997091332169866,0.5748764175632451,174.0
0.9997091332169866,0.5920325676068625,175.0
0.9997091332169866,0.580110497237569,176.0
0.9997091332169866,0.5911602209944752,177.0
0.9997091332169866,0.6010468159348648,178.0
0.9997091332169866,0.6094794998546089,179.0
0.9997091332169866,0.6120965396917709,180.0
0.9997091332169866,0.5905786565862169,181.0
0.9997091332169866,0.5862169235242803,182.0
0.9997091332169866,0.5981389938935737,183.0
0.9997091332169866,0.5940680430357662,184.0
0.9997091332169866,0.6007560337307357,185.0
0.9997091332169866,0.6019191625472521,186.0
0.9997091332169866,0.5998836871183484,187.0
0.9997091332169866,0.588252398953184,188.0
0.9997091332169866,0.62867112532713,189.0
0.9997091332169866,0.590869438790346,190.0
0.9997091332169866,0.5783658040127945,191.0
0.9997091332169866,0.5940680430357662,192.0
0.9997091332169866,0.6152951439371911,193.0
0.9997091332169866,0.6077348066298343,194.0
0.9997091332169866,0.539400988659494,195.0
0.9997091332169866,0.5428903751090434,196.0
0.9997091332169866,0.5498691480081419,197.0
0.9997091332169866,0.56353591160221,198.0
0.9997091332169866,0.5440535039255597,199.0
0.9997091332169866,0.5417272462925269,200.0
0.9997091332169866,0.5594649607444024,201.0
0.9997091332169866,0.5414364640883977,202.0
0.9997091332169866,0.5833091014829892,203.0
0.9997091332169866,0.5894155277697005,204.0
0.9997091332169866,0.585635359116022,205.0
0.9997091332169866,0.5961035184646699,206.0
0.9997091332169866,0.5966850828729282,207.0
0.9997091332169866,0.5888339633614422,208.0
0.9997091332169866,0.6091887176504798,209.0
0.9997091332169866,0.6155859261413201,210.0
0.9997091332169866,0.6118057574876418,211.0
0.9997091332169866,0.5795289328293108,212.0
0.9997091332169866,0.571677813317825,213.0
0.9997091332169866,0.5923233498109916,214.0
0.9997091332169866,0.593486478627508,215.0
0.9997091332169866,0.5748764175632451,216.0
0.9997091332169866,0.5792381506251817,217.0
0.9997091332169866,0.6123873218959,218.0
0.9997091332169866,0.5894155277697005,219.0
0.9997091332169866,0.580110497237569,220.0
0.9997091332169866,0.5963943006687991,221.0
0.9997091332169866,0.5751671997673742,222.0
0.9997091332169866,0.6118057574876418,223.0
0.9997091332169866,0.623437045652806,224.0
0.9997091332169866,0.6109334108752544,225.0
0.9997091332169866,0.5870892701366677,226.0
0.9997091332169866,0.5902878743820879,227.0
0.9997091332169866,0.6027915091596394,228.0
0.9997091332169866,0.6068624600174469,229.0
0.9997091332169866,0.623437045652806,230.0
0.9997091332169866,0.6039546379761559,231.0
0.9997091332169866,0.5865077057284094,232.0
0.9997091332169866,0.5876708345449259,233.0
0.9997091332169866,0.5696423378889212,234.0
0.9997091332169866,0.5376562954347194,235.0
0.9997091332169866,0.5891247455655714,236.0
0.9997091332169866,0.5824367548706019,237.0
0.9997091332169866,0.5963943006687991,238.0
0.9997091332169866,0.5754579819715033,239.0
0.9997091332169866,0.5588833963361443,240.0
0.9997091332169866,0.5969758650770572,241.0
0.9997091332169866,0.6132596685082873,242.0
0.9997091332169866,0.6059901134050596,243.0
0.9997091332169866,0.5978482116894446,244.0
0.9997091332169866,0.6007560337307357,245.0
0.9997091332169866,0.5937772608316371,246.0
0.9997091332169866,0.601628380343123,247.0
0.9997091332169866,0.6152951439371911,248.0
0.9997091332169866,0.6022099447513812,249.0
0.9997091332169866,0.6068624600174469,250.0
0.9997091332169866,0.609770282058738,251.0
0.9997091332169866,0.5923233498109916,252.0
0.9997091332169866,0.5958127362605409,253.0
0.9997091332169866,0.5844722302995057,254.0
0.9997091332169866,0.6059901134050596,255.0
0.9997091332169866,0.593486478627508,256.0
0.9997091332169866,0.5940680430357662,257.0
0.9997091332169866,0.6007560337307357,258.0
0.9997091332169866,0.6094794998546089,259.0
0.9997091332169866,0.6138412329165455,260.0
0.9997091332169866,0.5987205583018319,261.0
0.9997091332169866,0.6059901134050596,262.0
0.9997091332169866,0.6025007269555103,263.0
0.9997091332169866,0.6033730735678976,264.0
0.9997091332169866,0.5949403896481535,265.0
0.9997091332169866,0.5783658040127945,266.0
0.9997091332169866,0.5466705437627217,267.0
0.9997091332169866,0.588252398953184,268.0
0.9997091332169866,0.6100610642628671,269.0
0.9997091332169866,0.5949403896481535,270.0
0.9997091332169866,0.6147135795289328,271.0
0.9997091332169866,0.6019191625472521,272.0
0.9997091332169866,0.5658621692352428,273.0
0.9997091332169866,0.6106426286711253,274.0
0.9997091332169866,0.6237278278569351,275.0
0.9997091332169866,0.6199476592032568,276.0
0.9997091332169866,0.6182029659784821,277.0
0.9997091332169866,0.6214015702239023,278.0
0.9997091332169866,0.6126781041000291,279.0
0.9997091332169866,0.6214015702239023,280.0
0.9997091332169866,0.6164582727537075,281.0
0.9997091332169866,0.577202675196278,282.0
0.9997091332169866,0.593486478627508,283.0
0.9997091332169866,0.5804012794416982,284.0
0.9997091332169866,0.5780750218086653,285.0
0.9997091332169866,0.5847630125036348,286.0
0.9997091332169866,0.5748764175632451,287.0
0.9997091332169866,0.6056993312009306,288.0
0.9997091332169866,0.6007560337307357,289.0
0.9997091332169866,0.6129688863041581,290.0
0.9997091332169866,0.582727537074731,291.0
0.9997091332169866,0.5626635649898226,292.0
0.9997091332169866,0.5961035184646699,293.0
0.9997091332169866,0.5769118929921488,294.0
0.9997091332169866,0.6103518464669963,295.0
0.9997091332169866,0.5862169235242803,296.0
0.9997091332169866,0.5812736260540855,297.0
0.9997091332169866,0.577202675196278,298.0
0.9997091332169866,0.5841814480953765,299.0
0.9997091332169866,0.5652806048269846,300.0
0.9997091332169866,0.5804012794416982,301.0
0.9997091332169866,0.5702239022971795,302.0
0.9997091332169866,0.5865077057284094,303.0
0.9997091332169866,0.5929049142192497,304.0
0.9997091332169866,0.6048269845885432,305.0
0.9997091332169866,0.6036638557720267,306.0
0.9997091332169866,0.5917417854027334,307.0
0.9997091332169866,0.5931956964233789,308.0
0.9997091332169866,0.5748764175632451,309.0
0.9997091332169866,0.5774934574004071,310.0
0.9997091332169866,0.5565571387031114,311.0
0.9997091332169866,0.5812736260540855,312.0
0.9997091332169866,0.5850537947077639,313.0
0.9997091332169866,0.5809828438499564,314.0
0.9997091332169866,0.5452166327420762,315.0
0.9997091332169866,0.5847630125036348,316.0
0.9997091332169866,0.5786565862169235,317.0
0.9997091332169866,0.5562663564989823,318.0
0.9997091332169866,0.542018028496656,319.0
0.9997091332169866,0.5545216632742076,320.0
0.9997091332169866,0.5795289328293108,321.0
0.9997091332169866,0.5722593777260832,322.0
0.9997091332169866,0.5859261413201512,323.0
0.9997091332169866,0.588252398953184,324.0
0.9997091332169866,0.5961035184646699,325.0
0.9997091332169866,0.6033730735678976,326.0
0.9997091332169866,0.6025007269555103,327.0
0.9997091332169866,0.5969758650770572,328.0
0.9997091332169866,0.571968595521954,329.0
0.9997091332169866,0.5899970921779587,330.0
0.9997091332169866,0.585635359116022,331.0
0.9997091332169866,0.5995929049142192,332.0
0.9997091332169866,0.5786565862169235,333.0
0.9997091332169866,0.5931956964233789,334.0
0.9997091332169866,0.5830183192788602,335.0
0.9997091332169866,0.5902878743820879,336.0
0.9997091332169866,0.5867984879325385,337.0
0.9997091332169866,0.5789473684210527,338.0
0.9997091332169866,0.5699331200930503,339.0
0.9997091332169866,0.569060773480663,340.0
0.9997091332169866,0.5963943006687991,341.0
0.9997091332169866,0.5917417854027334,342.0
0.9997091332169866,0.5687699912765338,343.0
0.9997091332169866,0.5737132887467287,344.0
0.9997091332169866,0.5702239022971795,345.0
0.9997091332169866,0.5644082582145973,346.0
0.9997091332169866,0.558301831927886,347.0
0.9997091332169866,0.5809828438499564,348.0
0.9997091332169866,0.5615004361733061,349.0
0.9997091332169866,0.5603373073567898,350.0
0.9997091332169866,0.5931956964233789,351.0
0.9997091332169866,0.5577202675196278,352.0
0.9997091332169866,0.5597557429485316,353.0
0.9997091332169866,0.560918871765048,354.0
0.9997091332169866,0.5594649607444024,355.0
0.9997091332169866,0.5588833963361443,356.0
0.9997091332169866,0.5498691480081419,357.0
0.9997091332169866,0.5571387031113696,358.0
0.9997091332169866,0.5600465251526606,359.0
0.9997091332169866,0.5612096539691771,360.0
0.9997091332169866,0.5472521081709799,361.0
0.9997091332169866,0.5577202675196278,362.0
0.9997091332169866,0.5594649607444024,363.0
0.9997091332169866,0.5629543471939518,364.0
0.9997091332169866,0.5423088107007851,365.0
0.9997091332169866,0.571677813317825,366.0
0.9997091332169866,0.5693515556847921,367.0
0.9997091332169866,0.5356208200058157,368.0
0.9997091332169866,0.5510322768246584,369.0
0.9997091332169866,0.5597557429485316,370.0
0.9997091332169866,0.5681884268682756,371.0
0.9997091332169866,0.5615004361733061,372.0
0.9997091332169866,0.5504507124164001,373.0
0.9997091332169866,0.5484152369874964,374.0
0.9997091332169866,0.5437627217214307,375.0
0.9997091332169866,0.5437627217214307,376.0
0.9997091332169866,0.5434719395173015,377.0
0.9997091332169866,0.5629543471939518,378.0
0.9997091332169866,0.5545216632742076,379.0
0.9997091332169866,0.5396917708636232,380.0
0.9997091332169866,0.5646990404187264,381.0
0.9997091332169866,0.5542308810700786,382.0
0.9997091332169866,0.5676068624600175,383.0
0.9997091332169866,0.542018028496656,384.0
0.9997091332169866,0.5510322768246584,385.0
0.9997091332169866,0.5585926141320151,386.0
0.9997091332169866,0.5786565862169235,387.0
0.9997091332169866,0.5207909275952312,388.0
0.9997091332169866,0.5620820005815644,389.0
0.9997091332169866,0.542018028496656,390.0
0.9997091332169866,0.5574294853154987,391.0
0.9997091332169866,0.5330037801686537,392.0
0.9997091332169866,0.5638266938063391,393.0
0.9997091332169866,0.5804012794416982,394.0
0.9997091332169866,0.5838906658912475,395.0
0.9997091332169866,0.5774934574004071,396.0
0.9997091332169866,0.5809828438499564,397.0
0.9997091332169866,0.5809828438499564,398.0
0.9997091332169866,0.5673160802558883,399.0
0.9997091332169866,0.5652806048269846,400.0
0.9997091332169866,0.5623727827856935,401.0
0.9997091332169866,0.5870892701366677,402.0
0.9997091332169866,0.5926141320151207,403.0
0.9997091332169866,0.5838906658912475,404.0
0.9997091332169866,0.5838906658912475,405.0
0.9997091332169866,0.5760395463797615,406.0
0.9997091332169866,0.5737132887467287,407.0
0.9997091332169866,0.5821459726664728,408.0
0.9997091332169866,0.5708054667054376,409.0
0.9997091332169866,0.5722593777260832,410.0
0.9997091332169866,0.5821459726664728,411.0
0.9997091332169866,0.5920325676068625,412.0
0.9997091332169866,0.5920325676068625,413.0
0.9997091332169866,0.5696423378889212,414.0
0.9997091332169866,0.5699331200930503,415.0
0.9997091332169866,0.5821459726664728,416.0
0.9997091332169866,0.5673160802558883,417.0
0.9997091332169866,0.577202675196278,418.0
0.9997091332169866,0.5737132887467287,419.0
0.9997091332169866,0.5859261413201512,420.0
0.9997091332169866,0.5527769700494329,421.0
0.9997091332169866,0.5763303285838907,422.0
0.9997091332169866,0.571968595521954,423.0
0.9997091332169866,0.5859261413201512,424.0
0.9997091332169866,0.5641174760104681,425.0
0.9997091332169866,0.5568479209072404,426.0
0.9997091332169866,0.574585635359116,427.0
0.9997091332169866,0.5702239022971795,428.0
0.9997091332169866,0.5824367548706019,429.0
0.9997091332169866,0.5678976446641466,430.0
0.9997091332169866,0.5757487641756325,431.0
0.9997091332169866,0.5620820005815644,432.0
0.9997091332169866,0.5562663564989823,433.0
0.9997091332169866,0.6001744693224774,434.0
0.9997091332169866,0.5449258505379471,435.0
0.9997091332169866,0.5667345158476301,436.0
0.9997091332169866,0.5620820005815644,437.0
0.9997091332169866,0.5833091014829892,438.0
0.9997091332169866,0.5702239022971795,439.0
0.9997091332169866,0.5850537947077639,440.0
0.9997091332169866,0.5684792090724048,441.0
0.9997091332169866,0.5580110497237569,442.0
0.9997091332169866,0.574294853154987,443.0
0.9997091332169866,0.5457981971503344,444.0
0.9997091332169866,0.5606280895609189,445.0
0.9997091332169866,0.5510322768246584,446.0
0.9997091332169866,0.5556847920907241,447.0
0.9997091332169866,0.5513230590287874,448.0
0.9997091332169866,0.5370747310264612,449.0
0.9997091332169866,0.5280604826984588,450.0
0.9997091332169866,0.5431811573131724,451.0
0.9997091332169866,0.5475428903751091,452.0
0.9997091332169866,0.5254434428612968,453.0
0.9997091332169866,0.5481244547833672,454.0
0.9997091332169866,0.5463797615585926,455.0
0.9997091332169866,0.5452166327420762,456.0
0.9997091332169866,0.5431811573131724,457.0
0.9997091332169866,0.5434719395173015,458.0
0.9997091332169866,0.5481244547833672,459.0
0.9997091332169866,0.5565571387031114,460.0
0.9997091332169866,0.5699331200930503,461.0
0.9997091332169866,0.5519046234370456,462.0
0.9997091332169866,0.5556847920907241,463.0
0.9997091332169866,0.5344576911892992,464.0
0.9997091332169866,0.5565571387031114,465.0
0.9997091332169866,0.5513230590287874,466.0
0.9997091332169866,0.5408548996801396,467.0
0.9997091332169866,0.5574294853154987,468.0
0.9997091332169866,0.5580110497237569,469.0
0.9997091332169866,0.5481244547833672,470.0
0.9997091332169866,0.5606280895609189,471.0
0.9997091332169866,0.5644082582145973,472.0
0.9997091332169866,0.5757487641756325,473.0
0.9997091332169866,0.536493166618203,474.0
0.9997091332169866,0.5370747310264612,475.0
0.9997091332169866,0.5519046234370456,476.0
0.9997091332169866,0.5446350683338179,477.0
0.9997091332169866,0.5710962489095668,478.0
0.9997091332169866,0.5568479209072404,479.0
0.9997091332169866,0.5792381506251817,480.0
0.9997091332169866,0.5655713870311136,481.0
0.9997091332169866,0.5638266938063391,482.0
0.9997091332169866,0.5495783658040128,483.0
0.9997091332169866,0.5507414946205292,484.0
0.9997091332169866,0.5865077057284094,485.0
0.9997091332169866,0.5681884268682756,486.0
0.9997091332169866,0.5615004361733061,487.0
0.9997091332169866,0.5638266938063391,488.0
0.9997091332169866,0.53416690898517,489.0
0.9997091332169866,0.56353591160221,490.0
0.9997091332169866,0.5638266938063391,491.0
0.9997091332169866,0.5676068624600175,492.0
0.9997091332169866,0.5722593777260832,493.0
0.9997091332169866,0.5585926141320151,494.0
0.9997091332169866,0.5646990404187264,495.0
0.9997091332169866,0.5812736260540855,496.0
0.9997091332169866,0.5754579819715033,497.0
0.9997091332169866,0.5545216632742076,498.0
0.9997091332169866,0.5678976446641466,499.0
0.9998060888113244,0.5475428903751091,500.0
0.9998060888113244,0.5315498691480082,501.0
0.9998060888113244,0.5170107589415528,502.0
0.9998060888113244,0.5440535039255597,503.0
0.9998060888113244,0.5774934574004071,504.0
0.9998060888113244,0.5847630125036348,505.0
0.9998060888113244,0.5710962489095668,506.0
0.9998060888113244,0.5961035184646699,507.0
0.9998060888113244,0.5676068624600175,508.0
0.9998060888113244,0.5751671997673742,509.0
0.9998060888113244,0.5577202675196278,510.0
0.9998060888113244,0.5347484733934283,511.0
0.9998060888113244,0.5373655132305903,512.0
0.9998060888113244,0.5539400988659494,513.0
0.9998060888113244,0.5865077057284094,514.0
0.9998060888113244,0.5702239022971795,515.0
0.9998060888113244,0.5769118929921488,516.0
0.9998060888113244,0.580110497237569,517.0
0.9998060888113244,0.5428903751090434,518.0
0.9998060888113244,0.5469613259668509,519.0
0.9998060888113244,0.5676068624600175,520.0
0.9998060888113244,0.5495783658040128,521.0
0.9998060888113244,0.536493166618203,522.0
0.9998060888113244,0.5652806048269846,523.0
0.9998060888113244,0.5748764175632451,524.0
0.9998060888113244,0.5899970921779587,525.0
0.9998060888113244,0.5963943006687991,526.0
0.9998060888113244,0.5897063099738296,527.0
0.9998060888113244,0.5835998836871183,528.0
0.9998060888113244,0.5914510031986042,529.0
0.9998060888113244,0.5571387031113696,530.0
0.9998060888113244,0.5795289328293108,531.0
0.9998060888113244,0.5888339633614422,532.0
0.9998060888113244,0.5708054667054376,533.0
0.9998060888113244,0.5571387031113696,534.0
0.9998060888113244,0.5763303285838907,535.0
0.9998060888113244,0.5911602209944752,536.0
0.9998060888113244,0.5649898226228555,537.0
0.9998060888113244,0.593486478627508,538.0
0.9998060888113244,0.5809828438499564,539.0
0.9998060888113244,0.5655713870311136,540.0
0.9998060888113244,0.5821459726664728,541.0
0.9998060888113244,0.5699331200930503,542.0
0.9998060888113244,0.5876708345449259,543.0
0.9998060888113244,0.5812736260540855,544.0
0.9998060888113244,0.5347484733934283,545.0
0.9998060888113244,0.574294853154987,546.0
0.9998060888113244,0.5713870311136958,547.0
0.9998060888113244,0.580110497237569,548.0
0.9998060888113244,0.5510322768246584,549.0
0.9998060888113244,0.5591741785402733,550.0
0.9998060888113244,0.5629543471939518,551.0
0.9998060888113244,0.5356208200058157,552.0
0.9998060888113244,0.5513230590287874,553.0
0.9998060888113244,0.5824367548706019,554.0
0.9998060888113244,0.5455074149462052,555.0
0.9998060888113244,0.5530677522535621,556.0
0.9998060888113244,0.5516138412329166,557.0
0.9998060888113244,0.5521954056411748,558.0
0.9998060888113244,0.5391102064553649,559.0
0.9998060888113244,0.569060773480663,560.0
0.9998060888113244,0.5504507124164001,561.0
0.9998060888113244,0.5513230590287874,562.0
0.9998060888113244,0.5405641174760105,563.0
0.9998060888113244,0.5379470776388485,564.0
0.9998060888113244,0.5362023844140739,565.0
0.9998060888113244,0.533876126781041,566.0
0.9998060888113244,0.5521954056411748,567.0
0.9998060888113244,0.528642047106717,568.0
0.9998060888113244,0.585344576911893,569.0
0.9998060888113244,0.5681884268682756,570.0
0.9998060888113244,0.5524861878453039,571.0
0.9998060888113244,0.5428903751090434,572.0
0.9998060888113244,0.5385286420471067,573.0
0.9998060888113244,0.520500145391102,574.0
0.9998060888113244,0.5612096539691771,575.0
0.9998060888113244,0.5670252980517593,576.0
0.9998060888113244,0.5626635649898226,577.0
0.9998060888113244,0.5649898226228555,578.0
0.9998060888113244,0.5699331200930503,579.0
0.9998060888113244,0.53416690898517,580.0
0.9998060888113244,0.5306775225356208,581.0
0.9998060888113244,0.5423088107007851,582.0
0.9998060888113244,0.5219540564117476,583.0
0.9998060888113244,0.5222448386158767,584.0
0.9998060888113244,0.5350392555975574,585.0
0.9998060888113244,0.528351264902588,586.0
0.9998060888113244,0.5324222157603955,587.0
0.9998060888113244,0.5551032276824658,588.0
0.9998060888113244,0.5777842396045362,589.0
0.9998060888113244,0.5097412038383251,590.0
0.9998060888113244,0.523117185228264,591.0
0.9998060888113244,0.533876126781041,592.0
0.9998060888113244,0.5417272462925269,593.0
0.9998060888113244,0.5370747310264612,594.0
0.9998060888113244,0.5315498691480082,595.0
0.9998060888113244,0.5344576911892992,596.0
0.9998060888113244,0.57981971503344,597.0
0.9998060888113244,0.574294853154987,598.0
0.9998060888113244,0.5658621692352428,599.0
0.9998060888113244,0.5449258505379471,600.0
0.9998060888113244,0.5591741785402733,601.0
0.9998060888113244,0.5013085199185809,602.0
0.9998060888113244,0.5263157894736842,603.0
0.9998060888113244,0.5277697004943297,604.0
0.9998060888113244,0.4998546088979354,605.0
0.9998060888113244,0.5702239022971795,606.0
0.9998060888113244,0.5548124454783367,607.0
0.9998060888113244,0.5222448386158767,608.0
0.9998060888113244,0.523117185228264,609.0
0.9998060888113244,0.5414364640883977,610.0
0.9998060888113244,0.5545216632742076,611.0
0.9998060888113244,0.5411456818842687,612.0
0.9998060888113244,0.5760395463797615,613.0
0.9998060888113244,0.5516138412329166,614.0
0.9998060888113244,0.53416690898517,615.0
0.9998060888113244,0.5603373073567898,616.0
0.9998060888113244,0.5792381506251817,617.0
0.9998060888113244,0.5434719395173015,618.0
0.9998060888113244,0.5899970921779587,619.0
0.9998060888113244,0.585635359116022,620.0
0.9998060888113244,0.5696423378889212,621.0
0.9998060888113244,0.5926141320151207,622.0
0.9998060888113244,0.5629543471939518,623.0
0.9998060888113244,0.5658621692352428,624.0
0.9998060888113244,0.6010468159348648,625.0
0.9998060888113244,0.5902878743820879,626.0
0.9998060888113244,0.5696423378889212,627.0
0.9998060888113244,0.5830183192788602,628.0
0.9998060888113244,0.5658621692352428,629.0
0.9998060888113244,0.5644082582145973,630.0
0.9998060888113244,0.5818551904623437,631.0
0.9998060888113244,0.5641174760104681,632.0
0.9998060888113244,0.5588833963361443,633.0
0.9998060888113244,0.5678976446641466,634.0
0.9998060888113244,0.5513230590287874,635.0
0.9998060888113244,0.5754579819715033,636.0
0.9998060888113244,0.5740040709508578,637.0
0.9998060888113244,0.5702239022971795,638.0
0.9998060888113244,0.5693515556847921,639.0
0.9998060888113244,0.5600465251526606,640.0
0.9998060888113244,0.5926141320151207,641.0
0.9998060888113244,0.5617912183774353,642.0
0.9998060888113244,0.5763303285838907,643.0
0.9998060888113244,0.5588833963361443,644.0
0.9998060888113244,0.5809828438499564,645.0
0.9998060888113244,0.5588833963361443,646.0
0.9998060888113244,0.5632451293980808,647.0
0.9998060888113244,0.5402733352718814,648.0
0.9998060888113244,0.5655713870311136,649.0
0.9998060888113244,0.5713870311136958,650.0
0.9998060888113244,0.5891247455655714,651.0
0.9998060888113244,0.6013375981389939,652.0
0.9998060888113244,0.5754579819715033,653.0
0.9998060888113244,0.5769118929921488,654.0
0.9998060888113244,0.5804012794416982,655.0
0.9998060888113244,0.5556847920907241,656.0
0.9998060888113244,0.5777842396045362,657.0
0.9998060888113244,0.5612096539691771,658.0
0.9998060888113244,0.5524861878453039,659.0
0.9998060888113244,0.5629543471939518,660.0
0.9998060888113244,0.5536493166618203,661.0
0.9998060888113244,0.5897063099738296,662.0
0.9998060888113244,0.6001744693224774,663.0
0.9998060888113244,0.5766211107880198,664.0
0.9998060888113244,0.585635359116022,665.0
0.9998060888113244,0.5891247455655714,666.0
0.9998060888113244,0.5937772608316371,667.0
0.9998060888113244,0.5867984879325385,668.0
0.9998060888113244,0.5838906658912475,669.0
0.9998060888113244,0.5862169235242803,670.0
0.9998060888113244,0.5652806048269846,671.0
0.9998060888113244,0.5931956964233789,672.0
0.9998060888113244,0.582727537074731,673.0
0.9998060888113244,0.5731317243384705,674.0
0.9998060888113244,0.5899970921779587,675.0
0.9998060888113244,0.5885431811573132,676.0
0.9998060888113244,0.5783658040127945,677.0
0.9998060888113244,0.5847630125036348,678.0
0.9998060888113244,0.5760395463797615,679.0
0.9998060888113244,0.5815644082582146,680.0
0.9998060888113244,0.590869438790346,681.0
0.9998060888113244,0.580110497237569,682.0
0.9998060888113244,0.5646990404187264,683.0
0.9998060888113244,0.5600465251526606,684.0
0.9998060888113244,0.5702239022971795,685.0
0.9998060888113244,0.57981971503344,686.0
0.9998060888113244,0.5324222157603955,687.0
0.9998060888113244,0.5562663564989823,688.0
0.9998060888113244,0.5638266938063391,689.0
0.9998060888113244,0.5580110497237569,690.0
0.9998060888113244,0.5487060191916254,691.0
0.9998060888113244,0.5289328293108462,692.0
0.9998060888113244,0.5655713870311136,693.0
0.9998060888113244,0.5414364640883977,694.0
0.9998060888113244,0.5577202675196278,695.0
0.9998060888113244,0.5678976446641466,696.0
0.9998060888113244,0.5600465251526606,697.0
0.9998060888113244,0.5786565862169235,698.0
0.9998060888113244,0.5417272462925269,699.0
0.9998060888113244,0.5475428903751091,700.0
0.9998060888113244,0.5876708345449259,701.0
0.9998060888113244,0.5446350683338179,702.0
0.9998060888113244,0.5109043326548415,703.0
0.9998060888113244,0.5481244547833672,704.0
0.9998060888113244,0.5210817097993603,705.0
0.9998060888113244,0.5481244547833672,706.0
0.9998060888113244,0.5178831055539401,707.0
0.9998060888113244,0.5376562954347194,708.0
0.9998060888113244,0.512067461471358,709.0
0.9998060888113244,0.5190462343704565,710.0
0.9998060888113244,0.528351264902588,711.0
0.9998060888113244,0.5225356208200058,712.0
0.9998060888113244,0.5242803140447805,713.0
0.9998060888113244,0.5184646699621983,714.0
0.9998060888113244,0.5524861878453039,715.0
0.9998060888113244,0.5106135504507124,716.0
0.9998060888113244,0.5460889793544635,717.0
0.9998060888113244,0.5469613259668509,718.0
0.9998060888113244,0.5565571387031114,719.0
0.9998060888113244,0.5330037801686537,720.0
0.9998060888113244,0.5190462343704565,721.0
0.9998060888113244,0.542018028496656,722.0
0.9998060888113244,0.5187554521663275,723.0
0.9998060888113244,0.5161384123291655,724.0
0.9998060888113244,0.5335853445769119,725.0
0.9998060888113244,0.520500145391102,726.0
0.9998060888113244,0.5353300378016865,727.0
0.9998060888113244,0.5405641174760105,728.0
0.9998060888113244,0.536783948822332,729.0
0.9998060888113244,0.5347484733934283,730.0
0.9998060888113244,0.5553940098865949,731.0
0.9998060888113244,0.5109043326548415,732.0
0.9998060888113244,0.5266065716778133,733.0
0.9998060888113244,0.5428903751090434,734.0
0.9998060888113244,0.522826403024135,735.0
0.9998060888113244,0.5091596394300669,736.0
0.9998060888113244,0.5170107589415528,737.0
0.9998060888113244,0.5184646699621983,738.0
0.9998060888113244,0.5082872928176796,739.0
0.9998060888113244,0.5298051759232335,740.0
0.9998060888113244,0.517592323349811,741.0
0.9998060888113244,0.5533585344576912,742.0
0.9998060888113244,0.5402733352718814,743.0
0.9998060888113244,0.5164291945332946,744.0
0.9998060888113244,0.5184646699621983,745.0
0.9998060888113244,0.5164291945332946,746.0
0.9998060888113244,0.49520209363186973,747.0
0.9998060888113244,0.5385286420471067,748.0
0.9998060888113244,0.5007269555103228,749.0
0.9998060888113244,0.5152660657167781,750.0
0.9998060888113244,0.5239895318406513,751.0
0.9998060888113244,0.4998546088979354,752.0
0.9998060888113244,0.5321314335562664,753.0
0.9998060888113244,0.520209363186973,754.0
0.9998060888113244,0.4969467868566444,755.0
0.9998060888113244,0.4815353300378017,756.0
0.9998060888113244,0.493166618202966,757.0
0.9998060888113244,0.4972375690607735,758.0
0.9998060888113244,0.49520209363186973,759.0
0.9998060888113244,0.49171270718232046,760.0
0.9998060888113244,0.5143937191043908,761.0
0.9998060888113244,0.5138121546961326,762.0
0.9998060888113244,0.4954928758359988,763.0
0.9998060888113244,0.4821168944460599,764.0
0.9998060888113244,0.5103227682465833,765.0
0.9998060888113244,0.5097412038383251,766.0
0.9998060888113244,0.5123582436754871,767.0
0.9998060888113244,0.4972375690607735,768.0
0.9998060888113244,0.5030532131433556,769.0
0.9998060888113244,0.5161384123291655,770.0
0.9998060888113244,0.5077057284094213,771.0
0.9998060888113244,0.48909566734515847,772.0
0.9998060888113244,0.5239895318406513,773.0
0.9998060888113244,0.5239895318406513,774.0
0.9998060888113244,0.5053794707763885,775.0
0.9998060888113244,0.5071241640011631,776.0
0.9998060888113244,0.49229427159057865,777.0
0.9998060888113244,0.5056702529805176,778.0
0.9998060888113244,0.5260250072695551,779.0
0.9998060888113244,0.5440535039255597,780.0
0.9998060888113244,0.5475428903751091,781.0
0.9998060888113244,0.49665600465251525,782.0
0.9998060888113244,0.5207909275952312,783.0
0.9998060888113244,0.4975283512649026,784.0
0.9998060888113244,0.5117766792672288,785.0
0.9998060888113244,0.5263157894736842,786.0
0.9998060888113244,0.5344576911892992,787.0
0.9998060888113244,0.49520209363186973,788.0
0.9998060888113244,0.5751671997673742,789.0
0.9998060888113244,0.5370747310264612,790.0
0.9998060888113244,0.528351264902588,791.0
0.9998060888113244,0.5300959581273627,792.0
0.9998060888113244,0.46466996219831347,793.0
0.9998060888113244,0.49520209363186973,794.0
0.9998060888113244,0.5079965106135504,795.0
0.9998060888113244,0.5545216632742076,796.0
0.9998060888113244,0.5431811573131724,797.0
0.9998060888113244,0.5370747310264612,798.0
0.9998060888113244,0.560918871765048,799.0
0.9998060888113244,0.5626635649898226,800.0
0.9998060888113244,0.5475428903751091,801.0
0.9998060888113244,0.5443442861296889,802.0
0.9998060888113244,0.5239895318406513,803.0
0.9998060888113244,0.49927304448967724,804.0
0.9998060888113244,0.522826403024135,805.0
0.9998060888113244,0.528642047106717,806.0
0.9998060888113244,0.498691480081419,807.0
0.9998060888113244,0.5455074149462052,808.0
0.9998060888113244,0.560918871765048,809.0
0.9998060888113244,0.5600465251526606,810.0
0.9998060888113244,0.5495783658040128,811.0
0.9998060888113244,0.5271881360860715,812.0
0.9998060888113244,0.5193370165745856,813.0
0.9998060888113244,0.5423088107007851,814.0
0.9998060888113244,0.5298051759232335,815.0
0.9998060888113244,0.5260250072695551,816.0
0.9998060888113244,0.5641174760104681,817.0
0.9998060888113244,0.5396917708636232,818.0
0.9998060888113244,0.5263157894736842,819.0
0.9998060888113244,0.5263157894736842,820.0
0.9998060888113244,0.5306775225356208,821.0
0.9998060888113244,0.4972375690607735,822.0
0.9998060888113244,0.5167199767374236,823.0
0.9998060888113244,0.560918871765048,824.0
0.9998060888113244,0.5254434428612968,825.0
0.9998060888113244,0.5207909275952312,826.0
0.9998060888113244,0.5463797615585926,827.0
0.9998060888113244,0.5376562954347194,828.0
0.9998060888113244,0.550159930212271,829.0
0.9998060888113244,0.5359116022099447,830.0
0.9998060888113244,0.5260250072695551,831.0
0.9998060888113244,0.5396917708636232,832.0
0.9998060888113244,0.48502471648735096,833.0
0.9998060888113244,0.48764175632451295,834.0
0.9998060888113244,0.5027624309392266,835.0
0.9998060888113244,0.49229427159057865,836.0
0.9998060888113244,0.49084036056993313,837.0
0.9998060888113244,0.5324222157603955,838.0
0.9998060888113244,0.5059610351846467,839.0
0.9998060888113244,0.5109043326548415,840.0
0.9998060888113244,0.5161384123291655,841.0
0.9998060888113244,0.4888048851410294,842.0
0.9998060888113244,0.47339342832218667,843.0
0.9998060888113244,0.4972375690607735,844.0
0.9998060888113244,0.47513812154696133,845.0
0.9998060888113244,0.5082872928176796,846.0
0.9998060888113244,0.46845013085199183,847.0
0.9998060888113244,0.4888048851410294,848.0
0.9998060888113244,0.482407676650189,849.0
0.9998060888113244,0.5106135504507124,850.0
0.9998060888113244,0.5024716487350974,851.0
0.9998060888113244,0.5045071241640011,852.0
0.9998060888113244,0.46757778423960455,853.0
0.9998060888113244,0.47252108170979934,854.0
0.9998060888113244,0.5030532131433556,855.0
0.9998060888113244,0.5292236115149753,856.0
0.9998060888113244,0.506833381797034,857.0
0.9998060888113244,0.5190462343704565,858.0
0.9998060888113244,0.5210817097993603,859.0
0.9998060888113244,0.4957836580401279,860.0
0.9998060888113244,0.5100319860424543,861.0
0.9998060888113244,0.4672870020354754,862.0
0.9998060888113244,0.5114858970630998,863.0
0.9998060888113244,0.5053794707763885,864.0
0.9998060888113244,0.5510322768246584,865.0
0.9998060888113244,0.5658621692352428,866.0
0.9998060888113244,0.5298051759232335,867.0
0.9998060888113244,0.5411456818842687,868.0
0.9998060888113244,0.5402733352718814,869.0
0.9998060888113244,0.5533585344576912,870.0
0.9998060888113244,0.5658621692352428,871.0
0.9998060888113244,0.5516138412329166,872.0
0.9998060888113244,0.5428903751090434,873.0
0.9998060888113244,0.5103227682465833,874.0
0.9998060888113244,0.5626635649898226,875.0
0.9998060888113244,0.5600465251526606,876.0
0.9998060888113244,0.5553940098865949,877.0
0.9998060888113244,0.5545216632742076,878.0
0.9998060888113244,0.550159930212271,879.0
0.9998060888113244,0.5632451293980808,880.0
0.9998060888113244,0.5251526606571678,881.0
0.9998060888113244,0.5190462343704565,882.0
0.9998060888113244,0.5519046234370456,883.0
0.9998060888113244,0.5615004361733061,884.0
0.9998060888113244,0.5428903751090434,885.0
0.9998060888113244,0.5271881360860715,886.0
0.9998060888113244,0.5132305902878744,887.0
0.9998060888113244,0.5021808665309683,888.0
0.9998060888113244,0.5077057284094213,889.0
0.9998060888113244,0.5004361733061936,890.0
0.9998060888113244,0.5472521081709799,891.0
0.9998060888113244,0.49171270718232046,892.0
0.9998060888113244,0.48415236987496363,893.0
0.9998060888113244,0.5138121546961326,894.0
0.9998060888113244,0.5248618784530387,895.0
0.9998060888113244,0.5405641174760105,896.0
0.9998060888113244,0.53416690898517,897.0
0.9998060888113244,0.5033439953474848,898.0
0.9998060888113244,0.522826403024135,899.0
0.9998060888113244,0.533876126781041,900.0
0.9998060888113244,0.5373655132305903,901.0
0.9998060888113244,0.5516138412329166,902.0
0.9998060888113244,0.5463797615585926,903.0
0.9998060888113244,0.5222448386158767,904.0
0.9998060888113244,0.5324222157603955,905.0
0.9998060888113244,0.5498691480081419,906.0
0.9998060888113244,0.5562663564989823,907.0
0.9998060888113244,0.5437627217214307,908.0
0.9998060888113244,0.5463797615585926,909.0
0.9998060888113244,0.5216632742076185,910.0
0.9998060888113244,0.539400988659494,911.0
0.9998060888113244,0.5298051759232335,912.0
0.9998060888113244,0.5385286420471067,913.0
0.9998060888113244,0.5446350683338179,914.0
0.9998060888113244,0.5280604826984588,915.0
0.9998060888113244,0.5260250072695551,916.0
0.9998060888113244,0.5434719395173015,917.0
0.9998060888113244,0.4957836580401279,918.0
0.9998060888113244,0.5236987496365223,919.0
0.9998060888113244,0.5641174760104681,920.0
0.9998060888113244,0.5245710962489095,921.0
0.9998060888113244,0.48502471648735096,922.0
0.9998060888113244,0.5399825530677522,923.0
0.9998060888113244,0.5652806048269846,924.0
0.9998060888113244,0.51468450130852,925.0
0.9998060888113244,0.48909566734515847,926.0
0.9998060888113244,0.5158476301250363,927.0
0.9998060888113244,0.5295143937191044,928.0
0.9998060888113244,0.5385286420471067,929.0
0.9998060888113244,0.5359116022099447,930.0
0.9998060888113244,0.5216632742076185,931.0
0.9998060888113244,0.49520209363186973,932.0
0.9998060888113244,0.5396917708636232,933.0
0.9998060888113244,0.5423088107007851,934.0
0.9998060888113244,0.5295143937191044,935.0
0.9998060888113244,0.5402733352718814,936.0
0.9998060888113244,0.542018028496656,937.0
0.9998060888113244,0.5658621692352428,938.0
0.9998060888113244,0.5597557429485316,939.0
0.9998060888113244,0.5190462343704565,940.0
0.9998060888113244,0.5181738877580692,941.0
0.9998060888113244,0.5178831055539401,942.0
0.9998060888113244,0.5266065716778133,943.0
0.9998060888113244,0.5187554521663275,944.0
0.9998060888113244,0.49927304448967724,945.0
0.9998060888113244,0.4954928758359988,946.0
0.9998060888113244,0.5117766792672288,947.0
0.9998060888113244,0.51468450130852,948.0
0.9998060888113244,0.5173015411456818,949.0
0.9998060888113244,0.49229427159057865,950.0
0.9998060888113244,0.5074149462052923,951.0
0.9998060888113244,0.5164291945332946,952.0
0.9998060888113244,0.5079965106135504,953.0
0.9998060888113244,0.5236987496365223,954.0
0.9998060888113244,0.5411456818842687,955.0
0.9998060888113244,0.5318406513521372,956.0
0.9998060888113244,0.5216632742076185,957.0
0.9998060888113244,0.4972375690607735,958.0
0.9998060888113244,0.4969467868566444,959.0
0.9998060888113244,0.5181738877580692,960.0
0.9998060888113244,0.5300959581273627,961.0
0.9998060888113244,0.528351264902588,962.0
0.9998060888113244,0.5362023844140739,963.0
0.9998060888113244,0.5234079674323932,964.0
0.9998060888113244,0.5114858970630998,965.0
0.9998060888113244,0.542018028496656,966.0
0.9998060888113244,0.5271881360860715,967.0
0.9998060888113244,0.5152660657167781,968.0
0.9998060888113244,0.5074149462052923,969.0
0.9998060888113244,0.5045071241640011,970.0
0.9998060888113244,0.5024716487350974,971.0
0.9998060888113244,0.5013085199185809,972.0
0.9998060888113244,0.5274789182902007,973.0
0.9998060888113244,0.5405641174760105,974.0
0.9998060888113244,0.5306775225356208,975.0
0.9998060888113244,0.5376562954347194,976.0
0.9998060888113244,0.47193951730154116,977.0
0.9998060888113244,0.5236987496365223,978.0
0.9998060888113244,0.48357080546670544,979.0
0.9998060888113244,0.5109043326548415,980.0
0.9998060888113244,0.5056702529805176,981.0
0.9998060888113244,0.493166618202966,982.0
0.9998060888113244,0.5178831055539401,983.0
0.9998060888113244,0.5103227682465833,984.0
0.9998060888113244,0.520500145391102,985.0
0.9998060888113244,0.46932247746437916,986.0
0.9998060888113244,0.5370747310264612,987.0
0.9998060888113244,0.4943297470194824,988.0
0.9998060888113244,0.5036347775516138,989.0
0.9998060888113244,0.520209363186973,990.0
0.9998060888113244,0.5021808665309683,991.0
0.9998060888113244,0.48822332073277114,992.0
0.9998060888113244,0.474265774934574,993.0
0.9998060888113244,0.5510322768246584,994.0
0.9998060888113244,0.5132305902878744,995.0
0.9998060888113244,0.5007269555103228,996.0
0.9998060888113244,0.5123582436754871,997.0
0.9998060888113244,0.5271881360860715,998.0
0.9998060888113244,0.5242803140447805,999.0
0.9998060888113244,0.5077057284094213,1000.0
0.9998060888113244,0.536493166618203,1001.0
0.9998060888113244,0.5376562954347194,1002.0
0.9998060888113244,0.49607444024425706,1003.0
0.9998060888113244,0.5079965106135504,1004.0
0.9998060888113244,0.550159930212271,1005.0
0.9998060888113244,0.525734225065426,1006.0
0.9998060888113244,0.5309683047397499,1007.0
0.9998060888113244,0.5455074149462052,1008.0
0.9998060888113244,0.5245710962489095,1009.0
0.9998060888113244,0.5239895318406513,1010.0
0.9998060888113244,0.49781913346903167,1011.0
0.9998060888113244,0.5100319860424543,1012.0
0.9998060888113244,0.4954928758359988,1013.0
0.9998060888113244,0.522826403024135,1014.0
0.9998060888113244,0.5216632742076185,1015.0
0.9998060888113244,0.5344576911892992,1016.0
0.9998060888113244,0.5437627217214307,1017.0
0.9998060888113244,0.5542308810700786,1018.0
0.9998060888113244,0.5399825530677522,1019.0
0.9998060888113244,0.5434719395173015,1020.0
0.9998060888113244,0.539400988659494,1021.0
0.9998060888113244,0.5588833963361443,1022.0
0.9998060888113244,0.514975283512649,1023.0
0.9998060888113244,0.5295143937191044,1024.0
0.9998060888113244,0.5135213724920035,1025.0
0.9998060888113244,0.5303867403314917,1026.0
0.9998060888113244,0.5216632742076185,1027.0
0.9998060888113244,0.5184646699621983,1028.0
0.9998060888113244,0.5181738877580692,1029.0
0.9998060888113244,0.46903169526025007,1030.0
0.9998060888113244,0.506833381797034,1031.0
0.9998060888113244,0.5071241640011631,1032.0
0.9998060888113244,0.5344576911892992,1033.0
0.9998060888113244,0.5213724920034893,1034.0
0.9998060888113244,0.5225356208200058,1035.0
0.9998060888113244,0.517592323349811,1036.0
0.9998060888113244,0.4853154986914801,1037.0
0.9998060888113244,0.5225356208200058,1038.0
0.9998060888113244,0.5216632742076185,1039.0
0.9998060888113244,0.5306775225356208,1040.0
0.9998060888113244,0.536783948822332,1041.0
0.9998060888113244,0.5332945623727828,1042.0
0.9998060888113244,0.5268973538819425,1043.0
0.9998060888113244,0.48647862750799653,1044.0
0.9998060888113244,0.5498691480081419,1045.0
0.9998060888113244,0.5277697004943297,1046.0
0.9998060888113244,0.5551032276824658,1047.0
0.9998060888113244,0.5585926141320151,1048.0
0.9998060888113244,0.53416690898517,1049.0
0.9998060888113244,0.5519046234370456,1050.0
0.9998060888113244,0.5210817097993603,1051.0
0.9998060888113244,0.5210817097993603,1052.0
0.9998060888113244,0.5385286420471067,1053.0
0.9998060888113244,0.4998546088979354,1054.0
0.9998060888113244,0.4943297470194824,1055.0
0.9998060888113244,0.5135213724920035,1056.0
0.9998060888113244,0.5117766792672288,1057.0
0.9998060888113244,0.49665600465251525,1058.0
0.9998060888113244,0.5039255597557429,1059.0
0.9998060888113244,0.5033439953474848,1060.0
0.9998060888113244,0.5056702529805176,1061.0
0.9998060888113244,0.48764175632451295,1062.0
0.9998060888113244,0.498691480081419,1063.0
0.9998060888113244,0.4774643791799942,1064.0
0.9998060888113244,0.4777551613841233,1065.0
0.9998060888113244,0.506833381797034,1066.0
0.9998060888113244,0.5077057284094213,1067.0
0.9998060888113244,0.48037220122128527,1068.0
0.9998060888113244,0.5053794707763885,1069.0
0.9998060888113244,0.5013085199185809,1070.0
0.9998060888113244,0.49171270718232046,1071.0
0.9998060888113244,0.5306775225356208,1072.0
0.9998060888113244,0.4984006978772899,1073.0
0.9998060888113244,0.48909566734515847,1074.0
0.9998060888113244,0.4780459435882524,1075.0
0.9998060888113244,0.49520209363186973,1076.0
0.9998060888113244,0.5059610351846467,1077.0
0.9998060888113244,0.5277697004943297,1078.0
0.9998060888113244,0.5248618784530387,1079.0
0.9998060888113244,0.5158476301250363,1080.0
0.9998060888113244,0.5141029369002617,1081.0
0.9998060888113244,0.5347484733934283,1082.0
0.9998060888113244,0.5170107589415528,1083.0
0.9998060888113244,0.5292236115149753,1084.0
0.9998060888113244,0.512067461471358,1085.0
0.9998060888113244,0.5077057284094213,1086.0
0.9998060888113244,0.5167199767374236,1087.0
0.9998060888113244,0.5219540564117476,1088.0
0.9998060888113244,0.509450421634196,1089.0
0.9998060888113244,0.49345740040709507,1090.0
0.9998060888113244,0.5353300378016865,1091.0
0.9998060888113244,0.5423088107007851,1092.0
0.9998060888113244,0.5292236115149753,1093.0
0.9998060888113244,0.5248618784530387,1094.0
0.9998060888113244,0.5350392555975574,1095.0
0.9998060888113244,0.53416690898517,1096.0
0.9998060888113244,0.5234079674323932,1097.0
0.9998060888113244,0.47513812154696133,1098.0
0.9998060888113244,0.5295143937191044,1099.0
0.9998060888113244,0.5050886885722594,1100.0
0.9998060888113244,0.5135213724920035,1101.0
0.9998060888113244,0.5565571387031114,1102.0
0.9998060888113244,0.5161384123291655,1103.0
0.9998060888113244,0.5050886885722594,1104.0
0.9998060888113244,0.5085780750218086,1105.0
0.9998060888113244,0.5236987496365223,1106.0
0.9998060888113244,0.5268973538819425,1107.0
0.9998060888113244,0.5207909275952312,1108.0
0.9998060888113244,0.5132305902878744,1109.0
0.9998060888113244,0.5018900843268392,1110.0
0.9998060888113244,0.479790636813027,1111.0
0.9998060888113244,0.5210817097993603,1112.0
0.9998060888113244,0.5199185809828438,1113.0
0.9998060888113244,0.5362023844140739,1114.0
0.9998060888113244,0.509450421634196,1115.0
0.9998060888113244,0.5300959581273627,1116.0
0.9998060888113244,0.49636522244838616,1117.0
0.9998060888113244,0.5242803140447805,1118.0
0.9998060888113244,0.5141029369002617,1119.0
0.9998060888113244,0.5236987496365223,1120.0
0.9998060888113244,0.5260250072695551,1121.0
0.9998060888113244,0.5324222157603955,1122.0
0.9998060888113244,0.520209363186973,1123.0
0.9998060888113244,0.5132305902878744,1124.0
0.9998060888113244,0.5318406513521372,1125.0
0.9998060888113244,0.5039255597557429,1126.0
0.9998060888113244,0.4815353300378017,1127.0
0.9998060888113244,0.468740913056121,1128.0
0.9998060888113244,0.5184646699621983,1129.0
0.9998060888113244,0.4757196859552195,1130.0
0.9998060888113244,0.4969467868566444,1131.0
0.9998060888113244,0.5373655132305903,1132.0
0.9998060888113244,0.4954928758359988,1133.0
0.9998060888113244,0.5027624309392266,1134.0
0.9998060888113244,0.5123582436754871,1135.0
0.9998060888113244,0.5181738877580692,1136.0
0.9998060888113244,0.5161384123291655,1137.0
0.9998060888113244,0.523117185228264,1138.0
0.9998060888113244,0.5164291945332946,1139.0
0.9998060888113244,0.5164291945332946,1140.0
0.9998060888113244,0.5774934574004071,1141.0
0.9998060888113244,0.528642047106717,1142.0
0.9998060888113244,0.5370747310264612,1143.0
0.9998060888113244,0.5071241640011631,1144.0
0.9998060888113244,0.5047979063681303,1145.0
0.9998060888113244,0.506833381797034,1146.0
0.9998060888113244,0.4981099156731608,1147.0
0.9998060888113244,0.5225356208200058,1148.0
0.9998060888113244,0.5007269555103228,1149.0
0.9998060888113244,0.5303867403314917,1150.0
0.9998060888113244,0.4998546088979354,1151.0
0.9998060888113244,0.4914219249781913,1152.0
0.9998060888113244,0.5399825530677522,1153.0
0.9998060888113244,0.5207909275952312,1154.0
0.9998060888113244,0.49665600465251525,1155.0
0.9998060888113244,0.5106135504507124,1156.0
0.9998060888113244,0.5187554521663275,1157.0
0.9998060888113244,0.5289328293108462,1158.0
0.9998060888113244,0.5245710962489095,1159.0
0.9998060888113244,0.45071241640011633,1160.0
0.9998060888113244,0.4870601919162547,1161.0
0.9998060888113244,0.5277697004943297,1162.0
0.9998060888113244,0.4914219249781913,1163.0
0.9998060888113244,0.47513812154696133,1164.0
0.9998060888113244,0.468740913056121,1165.0
0.9998060888113244,0.5010177377144519,1166.0
0.9998060888113244,0.5091596394300669,1167.0
0.9998060888113244,0.5236987496365223,1168.0
0.9998060888113244,0.5077057284094213,1169.0
0.9998060888113244,0.5553940098865949,1170.0
0.9998060888113244,0.5091596394300669,1171.0
0.9998060888113244,0.5030532131433556,1172.0
0.9998060888113244,0.5109043326548415,1173.0
0.9998060888113244,0.5114858970630998,1174.0
0.9998060888113244,0.5303867403314917,1175.0
0.9998060888113244,0.5097412038383251,1176.0
0.9998060888113244,0.5097412038383251,1177.0
0.9998060888113244,0.48647862750799653,1178.0
0.9998060888113244,0.5190462343704565,1179.0
0.9998060888113244,0.51468450130852,1180.0
0.9998060888113244,0.5280604826984588,1181.0
0.9998060888113244,0.5141029369002617,1182.0
0.9998060888113244,0.5207909275952312,1183.0
0.9998060888113244,0.5332945623727828,1184.0
0.9998060888113244,0.5109043326548415,1185.0
0.9998060888113244,0.512067461471358,1186.0
0.9998060888113244,0.5152660657167781,1187.0
0.9998060888113244,0.5065425995929049,1188.0
0.9998060888113244,0.5085780750218086,1189.0
0.9998060888113244,0.5158476301250363,1190.0
0.9998060888113244,0.49781913346903167,1191.0
0.9998060888113244,0.5114858970630998,1192.0
0.9998060888113244,0.48909566734515847,1193.0
0.9998060888113244,0.5280604826984588,1194.0
